Null,129852e4-28b7-11e7-93ae-92361f002671,SUSAN 
Null,129855b4-28b7-11e7-93ae-92361f002671,KATHY 
Null,12985c44-28b7-11e7-93ae-92361f002671,CONNIE 
Null,12985d84-28b7-11e7-93ae-92361f002671,TREVOR 
Null,12985fdc-28b7-11e7-93ae-92361f002671,DAVID 
Null,129860fe-28b7-11e7-93ae-92361f002671,PATRICIA 
Null,129861e4-28b7-11e7-93ae-92361f002671,MARY 
Null,129862de-28b7-11e7-93ae-92361f002671,DAVID 
Null,129863ce-28b7-11e7-93ae-92361f002671,KATHERINE 
Null,12986892-28b7-11e7-93ae-92361f002671,DANIEL 
Null,12986996-28b7-11e7-93ae-92361f002671,CALEB 
Null,12986a7c-28b7-11e7-93ae-92361f002671,CHERYL 
Null,12986b62-28b7-11e7-93ae-92361f002671,ALLEN 
Null,12986c3e-28b7-11e7-93ae-92361f002671,MARY 
Null,12986d24-28b7-11e7-93ae-92361f002671,SHANNON 
Null,12986e14-28b7-11e7-93ae-92361f002671,MIRANDA 
Null,1298715c-28b7-11e7-93ae-92361f002671,JENNIFER 
Null,1298731e-28b7-11e7-93ae-92361f002671,GUY 
Null,129874cc-28b7-11e7-93ae-92361f002671,JENNIFER 
Null,1298772e-28b7-11e7-93ae-92361f002671,LAUREN 
Null,12987a08-28b7-11e7-93ae-92361f002671,PENNY 
Null,12987bf2-28b7-11e7-93ae-92361f002671,RICARDO 
Null,129880ac-28b7-11e7-93ae-92361f002671,MARK 
Null,1298823c-28b7-11e7-93ae-92361f002671,RYAN 
Null,1298844e-28b7-11e7-93ae-92361f002671,AMY 
Null,1298861a-28b7-11e7-93ae-92361f002671,JACK 
Null,12988778-28b7-11e7-93ae-92361f002671,PAULA 
Null,12988868-28b7-11e7-93ae-92361f002671,MARY 
Null,129889c6-28b7-11e7-93ae-92361f002671,BOBBY 
Null,12988dfe-28b7-11e7-93ae-92361f002671,JEFFREY 
Null,12988f20-28b7-11e7-93ae-92361f002671,LEE 
Null,12988ffc-28b7-11e7-93ae-92361f002671,SCOTT 
Null,129890c4-28b7-11e7-93ae-92361f002671,DANIELLE 
Null,12989196-28b7-11e7-93ae-92361f002671,LUIS 
Null,1298925e-28b7-11e7-93ae-92361f002671,KAREN 
Null,12989326-28b7-11e7-93ae-92361f002671,TARA 
Null,129896b4-28b7-11e7-93ae-92361f002671,BRIAN 
Null,12989790-28b7-11e7-93ae-92361f002671,ERIN 
Null,12989862-28b7-11e7-93ae-92361f002671,BETHANY 
Null,12989934-28b7-11e7-93ae-92361f002671,AARON 
Null,129899fc-28b7-11e7-93ae-92361f002671,KEVIN 
Null,12989ad8-28b7-11e7-93ae-92361f002671,LISA 
Null,12989baa-28b7-11e7-93ae-92361f002671,LAUREN 
Null,12989ee8-28b7-11e7-93ae-92361f002671,FAITH 
Null,12989fc4-28b7-11e7-93ae-92361f002671,SEAN 
Null,1298a0a0-28b7-11e7-93ae-92361f002671,ALLISON 
Null,1298a168-28b7-11e7-93ae-92361f002671,BENJAMIN 
Null,1298a230-28b7-11e7-93ae-92361f002671,DONALD 
Null,1298a2f8-28b7-11e7-93ae-92361f002671,ANDREW 
Null,1298a3c0-28b7-11e7-93ae-92361f002671,JAMES 
Null,1298a7e4-28b7-11e7-93ae-92361f002671,SCOTT 
Null,1298a8e8-28b7-11e7-93ae-92361f002671,BRYAN 
Null,1298a9ba-28b7-11e7-93ae-92361f002671,ROBIN 
Null,1298aa82-28b7-11e7-93ae-92361f002671,DANIEL 
Null,1298ab54-28b7-11e7-93ae-92361f002671,CHARLES 
Null,1298ac26-28b7-11e7-93ae-92361f002671,KARINA 
Null,1298ad8e-28b7-11e7-93ae-92361f002671,MARIA 
Null,1298b3ec-28b7-11e7-93ae-92361f002671,JESSICA 
Null,1298b5d6-28b7-11e7-93ae-92361f002671,CHAD 
Null,1298b77a-28b7-11e7-93ae-92361f002671,NATALIE 
Null,1298b90a-28b7-11e7-93ae-92361f002671,MICHAEL 
Null,1298baae-28b7-11e7-93ae-92361f002671,RICARDO 
Null,1298bc48-28b7-11e7-93ae-92361f002671,CRISTINA 
Null,1298c15c-28b7-11e7-93ae-92361f002671,TROY 
Null,1298c33c-28b7-11e7-93ae-92361f002671,JULIE 
Null,1298c526-28b7-11e7-93ae-92361f002671,GAVIN 
Null,1298c6d4-28b7-11e7-93ae-92361f002671,SARAH 
Null,1298c882-28b7-11e7-93ae-92361f002671,PETER 
Null,1298caf8-28b7-11e7-93ae-92361f002671,VERONICA 
Null,1298cbfc-28b7-11e7-93ae-92361f002671,ALAN 
Null,1298d656-28b7-11e7-93ae-92361f002671,ROBERT 
Null,1298d778-28b7-11e7-93ae-92361f002671,MARY 
Null,1298d886-28b7-11e7-93ae-92361f002671,DAVID 
Null,1298d980-28b7-11e7-93ae-92361f002671,SHANE 
Null,1298da7a-28b7-11e7-93ae-92361f002671,JACOB 
Null,1298db74-28b7-11e7-93ae-92361f002671,ERIN 
Null,1298dec6-28b7-11e7-93ae-92361f002671,TYLER 
Null,1298dfd4-28b7-11e7-93ae-92361f002671,TAMMY 
Null,1298e0e2-28b7-11e7-93ae-92361f002671,LAWRENCE 
Null,1298e1d2-28b7-11e7-93ae-92361f002671,THOMAS 
Null,1298e2b8-28b7-11e7-93ae-92361f002671,WILLIAM 
Null,1298e3b2-28b7-11e7-93ae-92361f002671,DONNA 
Null,1298e772-28b7-11e7-93ae-92361f002671,ROBERT 
Null,1298e862-28b7-11e7-93ae-92361f002671,AUTUMN 
Null,1298e93e-28b7-11e7-93ae-92361f002671,JASON 
Null,1298ea88-28b7-11e7-93ae-92361f002671,HALEY 
Null,1298eca4-28b7-11e7-93ae-92361f002671,MARK 
Null,1298ed9e-28b7-11e7-93ae-92361f002671,CORY 
Null,1298ee7a-28b7-11e7-93ae-92361f002671,KIMBERLY 
Null,1298f19a-28b7-11e7-93ae-92361f002671,ANGELA 
Null,1298f26c-28b7-11e7-93ae-92361f002671,MAURICE 
Null,1298f33e-28b7-11e7-93ae-92361f002671,ADAM 
Null,1298f406-28b7-11e7-93ae-92361f002671,SARA 
Null,1298f55a-28b7-11e7-93ae-92361f002671,KRISTIN 
Null,1298f64a-28b7-11e7-93ae-92361f002671,NICHOLE 
Null,1298fa00-28b7-11e7-93ae-92361f002671,CHERYL 
Null,1298fafa-28b7-11e7-93ae-92361f002671,LISA 
Null,1298fbcc-28b7-11e7-93ae-92361f002671, 
Null,1298fcc6-28b7-11e7-93ae-92361f002671,JESUS 
Null,1298fd98-28b7-11e7-93ae-92361f002671,SETH 
Null,1298fe60-28b7-11e7-93ae-92361f002671,SPENCER 
Null,1298ff28-28b7-11e7-93ae-92361f002671,GARY 
Null,12990266-28b7-11e7-93ae-92361f002671,THOMAS 
Null,1299034c-28b7-11e7-93ae-92361f002671,CHRISTOPHER 
Null,1299043c-28b7-11e7-93ae-92361f002671,JOHN 
Null,1299052c-28b7-11e7-93ae-92361f002671,ANTHONY 
Null,129905fe-28b7-11e7-93ae-92361f002671,BRIAN 
Null,129906c6-28b7-11e7-93ae-92361f002671,DEBORAH 
Null,129909e6-28b7-11e7-93ae-92361f002671,AUSTIN 
Null,12990af4-28b7-11e7-93ae-92361f002671,TYLER 
Null,12990bc6-28b7-11e7-93ae-92361f002671,ANTHONY 
Null,12990c8e-28b7-11e7-93ae-92361f002671,GARY 
Null,12990d56-28b7-11e7-93ae-92361f002671,DAVID 
Null,12990e1e-28b7-11e7-93ae-92361f002671,WILLIAM 
Null,12990ef0-28b7-11e7-93ae-92361f002671,EMMA 
Null,12991210-28b7-11e7-93ae-92361f002671,AMY 
Null,1299130a-28b7-11e7-93ae-92361f002671,JACQUELINE 
Null,129913dc-28b7-11e7-93ae-92361f002671,CHARLES 
Null,129914a4-28b7-11e7-93ae-92361f002671,GARY 
Null,12991580-28b7-11e7-93ae-92361f002671,WHITNEY 
Null,12991652-28b7-11e7-93ae-92361f002671,SHERRI 
Null,1299171a-28b7-11e7-93ae-92361f002671,VICTORIA 
Null,12991a30-28b7-11e7-93ae-92361f002671,REBECCA 
Null,12991b0c-28b7-11e7-93ae-92361f002671,ERIK 
Null,12991c56-28b7-11e7-93ae-92361f002671,KATHRYN 
Null,12991d3c-28b7-11e7-93ae-92361f002671,ERIC 
Null,12991e0e-28b7-11e7-93ae-92361f002671,DAVID 
Null,12991ee0-28b7-11e7-93ae-92361f002671,AMY 
Null,12992340-28b7-11e7-93ae-92361f002671,SHAWN 
Null,129928c2-28b7-11e7-93ae-92361f002671,CINDY 
Null,12992a20-28b7-11e7-93ae-92361f002671,APRIL 
Null,12992afc-28b7-11e7-93ae-92361f002671,KAYLA 
Null,12992bd8-28b7-11e7-93ae-92361f002671,WILLIAM 
Null,12992caa-28b7-11e7-93ae-92361f002671,EVAN 
Null,12992d7c-28b7-11e7-93ae-92361f002671,EMILY 
Null,129930ec-28b7-11e7-93ae-92361f002671,DANIEL 
Null,129931c8-28b7-11e7-93ae-92361f002671,JOSE 
Null,129932a4-28b7-11e7-93ae-92361f002671,PHILLIP 
Null,1299339e-28b7-11e7-93ae-92361f002671,KELLY 
Null,12993498-28b7-11e7-93ae-92361f002671,CLAIRE 
Null,12993574-28b7-11e7-93ae-92361f002671,TARA 
Null,1299392a-28b7-11e7-93ae-92361f002671,NICOLE 
Null,12993a24-28b7-11e7-93ae-92361f002671,VANESSA 
Null,12993aec-28b7-11e7-93ae-92361f002671,EDWARD 
Null,12993bb4-28b7-11e7-93ae-92361f002671,JESUS 
Null,12993c7c-28b7-11e7-93ae-92361f002671,AIMEE 
Null,12993d4e-28b7-11e7-93ae-92361f002671,SUZANNE 
Null,12993e20-28b7-11e7-93ae-92361f002671,JARED 
Null,1299421c-28b7-11e7-93ae-92361f002671,LESLIE 
Null,129943a2-28b7-11e7-93ae-92361f002671,NATASHA 
Null,12994488-28b7-11e7-93ae-92361f002671,SCOTT 
Null,12994596-28b7-11e7-93ae-92361f002671,KAREN 
Null,12994672-28b7-11e7-93ae-92361f002671,NORMAN 
Null,12994744-28b7-11e7-93ae-92361f002671,MCKENZIE 
Null,12994820-28b7-11e7-93ae-92361f002671,REGINA 
Null,129953c4-28b7-11e7-93ae-92361f002671,JOSEPH 
Null,1299559a-28b7-11e7-93ae-92361f002671,ELIZABETH 
Null,12995716-28b7-11e7-93ae-92361f002671, 
Null,1299587e-28b7-11e7-93ae-92361f002671,MRS. 
Null,129959e6-28b7-11e7-93ae-92361f002671,CAROLYN 
Null,12995bbc-28b7-11e7-93ae-92361f002671,ADAM 
Null,129960f8-28b7-11e7-93ae-92361f002671,THOMAS 
Null,1299621a-28b7-11e7-93ae-92361f002671,KATHLEEN 
Null,1299630a-28b7-11e7-93ae-92361f002671,ANNETTE 
Null,129963f0-28b7-11e7-93ae-92361f002671,ASHLEY 
Null,129964cc-28b7-11e7-93ae-92361f002671,KAYLA 
Null,129965a8-28b7-11e7-93ae-92361f002671,JAMES 
Null,12996684-28b7-11e7-93ae-92361f002671,ALLEN 
Null,12996a94-28b7-11e7-93ae-92361f002671,JEFFREY 
Null,12996c42-28b7-11e7-93ae-92361f002671,MONICA 
Null,12996dbe-28b7-11e7-93ae-92361f002671,CAROL 
Null,12996ea4-28b7-11e7-93ae-92361f002671,NATHANIEL 
Null,12996f76-28b7-11e7-93ae-92361f002671,KAITLYN 
Null,12997052-28b7-11e7-93ae-92361f002671,LISA 
Null,12997408-28b7-11e7-93ae-92361f002671,AARON 
Null,129974f8-28b7-11e7-93ae-92361f002671,NICOLE 
Null,129975e8-28b7-11e7-93ae-92361f002671,LINDA 
Null,129976c4-28b7-11e7-93ae-92361f002671,JUDITH 
Null,12997796-28b7-11e7-93ae-92361f002671,WILLIE 
Null,12997868-28b7-11e7-93ae-92361f002671,PATRICIA 
Null,12997c14-28b7-11e7-93ae-92361f002671,DEREK 
Null,12997d0e-28b7-11e7-93ae-92361f002671,DEBRA 
Null,12997dea-28b7-11e7-93ae-92361f002671,DEVIN 
Null,12997ebc-28b7-11e7-93ae-92361f002671,PHILLIP 
Null,12998006-28b7-11e7-93ae-92361f002671,MARIA 
Null,129980ec-28b7-11e7-93ae-92361f002671,PAUL 
Null,129981be-28b7-11e7-93ae-92361f002671,JEFFREY 
Null,12998560-28b7-11e7-93ae-92361f002671,AMY 
Null,12998650-28b7-11e7-93ae-92361f002671,DANIEL 
Null,12998754-28b7-11e7-93ae-92361f002671,CARL 
Null,12998826-28b7-11e7-93ae-92361f002671,WALTER 
Null,12998902-28b7-11e7-93ae-92361f002671,KAYLA 
Null,129989de-28b7-11e7-93ae-92361f002671,AMY 
Null,12998aba-28b7-11e7-93ae-92361f002671,WILLIAM 
Null,1299919a-28b7-11e7-93ae-92361f002671,ETHAN 
Null,129992c6-28b7-11e7-93ae-92361f002671,ASHLEY 
Null,129993ac-28b7-11e7-93ae-92361f002671,STEPHANIE 
Null,1299947e-28b7-11e7-93ae-92361f002671,MELISSA 
Null,12999550-28b7-11e7-93ae-92361f002671,MATTHEW 
Null,12999636-28b7-11e7-93ae-92361f002671,JAKE 
Null,129999ec-28b7-11e7-93ae-92361f002671,EDWARD 
Null,12999adc-28b7-11e7-93ae-92361f002671,MELISSA 
Null,12999ba4-28b7-11e7-93ae-92361f002671,FRANK 
Null,12999c8a-28b7-11e7-93ae-92361f002671,EDWARD 
Null,12999d66-28b7-11e7-93ae-92361f002671,ANDREA 
Null,12999e24-28b7-11e7-93ae-92361f002671,TERRY 
Null,12999ef6-28b7-11e7-93ae-92361f002671,PATTY 
Null,1299a266-28b7-11e7-93ae-92361f002671,EMILY 
Null,1299a34c-28b7-11e7-93ae-92361f002671,MELINDA 
Null,1299a428-28b7-11e7-93ae-92361f002671,ELIZABETH 
Null,1299a4fa-28b7-11e7-93ae-92361f002671,CHELSEA 
Null,1299a856-28b7-11e7-93ae-92361f002671,JOANNE 
Null,1299aa68-28b7-11e7-93ae-92361f002671,BRENDA 
Null,1299af68-28b7-11e7-93ae-92361f002671, 
Null,1299b094-28b7-11e7-93ae-92361f002671,MEGAN 
Null,1299b17a-28b7-11e7-93ae-92361f002671,LAUREN 
Null,1299b24c-28b7-11e7-93ae-92361f002671,DANIEL 
Null,1299b31e-28b7-11e7-93ae-92361f002671,JULIE 
Null,1299b3fa-28b7-11e7-93ae-92361f002671, 
Null,1299b4d6-28b7-11e7-93ae-92361f002671,ANGEL 
Null,1299b936-28b7-11e7-93ae-92361f002671,ROBERT 
Null,1299ba44-28b7-11e7-93ae-92361f002671,ERIC 
Null,1299bb3e-28b7-11e7-93ae-92361f002671,MICHAEL 
Null,1299bc42-28b7-11e7-93ae-92361f002671,ANGEL 
Null,1299bd28-28b7-11e7-93ae-92361f002671,NICOLE 
Null,1299be22-28b7-11e7-93ae-92361f002671,JILL 
Null,1299bf12-28b7-11e7-93ae-92361f002671,HANNAH 
Null,1299c354-28b7-11e7-93ae-92361f002671,LINDSEY 
Null,1299c46c-28b7-11e7-93ae-92361f002671,TERESA 
Null,1299c53e-28b7-11e7-93ae-92361f002671,GEORGE 
Null,1299c61a-28b7-11e7-93ae-92361f002671,KAYLA 
Null,1299c6f6-28b7-11e7-93ae-92361f002671,STEPHANIE 
Null,1299c7be-28b7-11e7-93ae-92361f002671,MOLLY 
Null,1299caa2-28b7-11e7-93ae-92361f002671,LEAH 
Null,1299cb88-28b7-11e7-93ae-92361f002671,MARY 
Null,1299cc50-28b7-11e7-93ae-92361f002671, 
Null,1299cd18-28b7-11e7-93ae-92361f002671,MATTHEW 
Null,1299cf3e-28b7-11e7-93ae-92361f002671,CARLOS 
Null,1299d0ba-28b7-11e7-93ae-92361f002671,DEVIN 
Null,1299d240-28b7-11e7-93ae-92361f002671,JOHN 
Null,1299d894-28b7-11e7-93ae-92361f002671,DAVID 
Null,1299da7e-28b7-11e7-93ae-92361f002671,ELIZABETH 
Null,1299dc54-28b7-11e7-93ae-92361f002671,BENJAMIN 
Null,1299ddee-28b7-11e7-93ae-92361f002671,MICHAEL 
Null,1299e05a-28b7-11e7-93ae-92361f002671,DAWN 
Null,1299e352-28b7-11e7-93ae-92361f002671,KATHLEEN 
Null,1299e834-28b7-11e7-93ae-92361f002671,JONATHAN 
Null,1299e9ba-28b7-11e7-93ae-92361f002671,GREGORY 
Null,1299ea96-28b7-11e7-93ae-92361f002671,STEPHEN 
Null,1299eb7c-28b7-11e7-93ae-92361f002671,JEFFREY 
Null,1299ec58-28b7-11e7-93ae-92361f002671,DEREK 
Null,1299ed3e-28b7-11e7-93ae-92361f002671,RYAN 
Null,1299ee24-28b7-11e7-93ae-92361f002671,HUNTER 
Null,1299f13a-28b7-11e7-93ae-92361f002671,JEFFERY 
Null,1299f22a-28b7-11e7-93ae-92361f002671,BETH 
Null,1299f310-28b7-11e7-93ae-92361f002671,ANDREW 
Null,1299f3d8-28b7-11e7-93ae-92361f002671,ZACHARY 
Null,1299f4aa-28b7-11e7-93ae-92361f002671,MICHAEL 
Null,1299f57c-28b7-11e7-93ae-92361f002671,DAVID 
Null,1299f64e-28b7-11e7-93ae-92361f002671,JAMES 
Null,1299faae-28b7-11e7-93ae-92361f002671,HELEN 
Null,1299fbb2-28b7-11e7-93ae-92361f002671,ETHAN 
Null,1299fcac-28b7-11e7-93ae-92361f002671,ASHLEY 
Null,1299fd92-28b7-11e7-93ae-92361f002671,RYAN 
Null,1299fe82-28b7-11e7-93ae-92361f002671,STEPHANIE 
Null,1299ff72-28b7-11e7-93ae-92361f002671,STEPHANIE 
Null,129a0224-28b7-11e7-93ae-92361f002671,CARRIE 
Null,129a031e-28b7-11e7-93ae-92361f002671,ANGELA 
Null,129a040e-28b7-11e7-93ae-92361f002671,GLORIA 
Null,129a04ea-28b7-11e7-93ae-92361f002671,LAUREN 
Null,129a063e-28b7-11e7-93ae-92361f002671,ROBERT 
Null,129a07d8-28b7-11e7-93ae-92361f002671,JESSICA 
Null,129a08f0-28b7-11e7-93ae-92361f002671,MARK 
Null,129a0c4c-28b7-11e7-93ae-92361f002671,SEAN 
Null,129a0d3c-28b7-11e7-93ae-92361f002671,ANGELA 
Null,129a0e0e-28b7-11e7-93ae-92361f002671,TIMOTHY 
Null,129a0f44-28b7-11e7-93ae-92361f002671,EDWARD 
Null,129a10c0-28b7-11e7-93ae-92361f002671,DANIEL 
Null,129a121e-28b7-11e7-93ae-92361f002671,BILLY 
Null,129a169c-28b7-11e7-93ae-92361f002671,PETER 
Null,129a18b8-28b7-11e7-93ae-92361f002671,MICHAEL 
Null,129a19e4-28b7-11e7-93ae-92361f002671,ROBERT 
Null,129a1ade-28b7-11e7-93ae-92361f002671,JOHN 
Null,129a1bb0-28b7-11e7-93ae-92361f002671,STEVEN 
Null,129a1c82-28b7-11e7-93ae-92361f002671,KELLY 
Null,129a1f70-28b7-11e7-93ae-92361f002671,MARY 
Null,129a2088-28b7-11e7-93ae-92361f002671,LINDA 
Null,129a2164-28b7-11e7-93ae-92361f002671,KEVIN 
Null,129a222c-28b7-11e7-93ae-92361f002671,TYLER 
Null,129a22f4-28b7-11e7-93ae-92361f002671,JOSEPH 
Null,129a23c6-28b7-11e7-93ae-92361f002671,SAMANTHA 
Null,129a29b6-28b7-11e7-93ae-92361f002671,MICHAEL 
Null,129a2ace-28b7-11e7-93ae-92361f002671,SUSAN 
Null,129a2bb4-28b7-11e7-93ae-92361f002671,ASHLEY 
Null,129a2c90-28b7-11e7-93ae-92361f002671,BOBBY 
Null,129a2e02-28b7-11e7-93ae-92361f002671,VANESSA 
Null,129a2ef2-28b7-11e7-93ae-92361f002671,MEGAN 
Null,129a2fce-28b7-11e7-93ae-92361f002671,ROBIN 
Null,129a33ac-28b7-11e7-93ae-92361f002671,TANNER 
Null,129a3492-28b7-11e7-93ae-92361f002671,JUDY 
Null,129a356e-28b7-11e7-93ae-92361f002671,ARTHUR 
Null,129a3636-28b7-11e7-93ae-92361f002671,DEBBIE 
Null,129a3708-28b7-11e7-93ae-92361f002671,MATTHEW 
Null,129a37da-28b7-11e7-93ae-92361f002671,KEVIN 
Null,129a3b7c-28b7-11e7-93ae-92361f002671,KEVIN 
Null,129a3c6c-28b7-11e7-93ae-92361f002671,NANCY 
Null,129a3d48-28b7-11e7-93ae-92361f002671,DANNY 
Null,129a3e24-28b7-11e7-93ae-92361f002671,TANYA 
Null,129a3eec-28b7-11e7-93ae-92361f002671,PHILLIP 
Null,129a3fc8-28b7-11e7-93ae-92361f002671,ALEXANDER 
Null,129a4090-28b7-11e7-93ae-92361f002671,MELISSA 
Null,129a445a-28b7-11e7-93ae-92361f002671,JENNIFER 
Null,129a4540-28b7-11e7-93ae-92361f002671,JANICE 
Null,129a4612-28b7-11e7-93ae-92361f002671,DIANE 
Null,129a46da-28b7-11e7-93ae-92361f002671,SCOTT 
Null,129a47b6-28b7-11e7-93ae-92361f002671,SHANNON 
Null,129a4888-28b7-11e7-93ae-92361f002671,KENNETH 
Null,129a495a-28b7-11e7-93ae-92361f002671,RICHARD 
Null,129a4e46-28b7-11e7-93ae-92361f002671,SUZANNE 
Null,129a4f54-28b7-11e7-93ae-92361f002671,JOHN 
Null,129a513e-28b7-11e7-93ae-92361f002671,JENNIFER 
Null,129a522e-28b7-11e7-93ae-92361f002671,LESLIE 
Null,129a535a-28b7-11e7-93ae-92361f002671,PAMELA 
Null,129a54e0-28b7-11e7-93ae-92361f002671,MICHAEL 
Null,129a590e-28b7-11e7-93ae-92361f002671,MELVIN 
Null,129a5a08-28b7-11e7-93ae-92361f002671,DENISE 
Null,129a5ae4-28b7-11e7-93ae-92361f002671,RAYMOND 
Null,129a5bb6-28b7-11e7-93ae-92361f002671,STEVEN 
Null,129a5c88-28b7-11e7-93ae-92361f002671,ALLISON 
Null,129a5d46-28b7-11e7-93ae-92361f002671,KRISTINE 
Null,129a5e18-28b7-11e7-93ae-92361f002671,MICHAEL 
Null,129a61f6-28b7-11e7-93ae-92361f002671,ANGELA 
Null,129a62dc-28b7-11e7-93ae-92361f002671,ADRIAN 
Null,129a63ae-28b7-11e7-93ae-92361f002671,ELIZABETH 
Null,129a6476-28b7-11e7-93ae-92361f002671,LISA 
Null,129a653e-28b7-11e7-93ae-92361f002671,HOWARD 
Null,129a6610-28b7-11e7-93ae-92361f002671,HEATHER 
Null,129a6926-28b7-11e7-93ae-92361f002671,GRACE 
Null,129a6a02-28b7-11e7-93ae-92361f002671,JESSICA 
Null,129a6aca-28b7-11e7-93ae-92361f002671,MEREDITH 
Null,129a6b9c-28b7-11e7-93ae-92361f002671,KELLY 
Null,129a6c64-28b7-11e7-93ae-92361f002671,AMANDA 
Null,129a6d36-28b7-11e7-93ae-92361f002671,SAMUEL 
Null,129a6dfe-28b7-11e7-93ae-92361f002671,NATHAN 
Null,129a7182-28b7-11e7-93ae-92361f002671,DAVID 
Null,129a7272-28b7-11e7-93ae-92361f002671,TRAVIS 
Null,129a734e-28b7-11e7-93ae-92361f002671,ROBERT 
Null,129a7416-28b7-11e7-93ae-92361f002671, 
Null,129a74de-28b7-11e7-93ae-92361f002671,ELIZABETH 
Null,129a75a6-28b7-11e7-93ae-92361f002671,CHRISTINA 
Null,129a7678-28b7-11e7-93ae-92361f002671,SHERI 
Null,129a789e-28b7-11e7-93ae-92361f002671,MICHAEL 
Null,129a7970-28b7-11e7-93ae-92361f002671,MICHAEL 
Null,129a7a38-28b7-11e7-93ae-92361f002671,MELISSA 
Null,129a7b82-28b7-11e7-93ae-92361f002671,TIFFANY 
Null,129a7d12-28b7-11e7-93ae-92361f002671,JEFFREY 
Null,129a7df8-28b7-11e7-93ae-92361f002671,ROBIN 
Null,129a8000-28b7-11e7-93ae-92361f002671,JOSHUA 
Null,129a80e6-28b7-11e7-93ae-92361f002671,MITCHELL 
Null,129a81a4-28b7-11e7-93ae-92361f002671,TIMOTHY 
Null,129a826c-28b7-11e7-93ae-92361f002671,TONYA 
Null,129a8334-28b7-11e7-93ae-92361f002671,MATTHEW 
Null,129a83fc-28b7-11e7-93ae-92361f002671,PHILLIP 
Null,129a84c4-28b7-11e7-93ae-92361f002671,ANDREA 
Null,129a8884-28b7-11e7-93ae-92361f002671,TIMOTHY 
Null,129a897e-28b7-11e7-93ae-92361f002671,MARY 
Null,129a8a46-28b7-11e7-93ae-92361f002671,BRENDA 
Null,129a8b0e-28b7-11e7-93ae-92361f002671,DWAYNE 
Null,129a8bd6-28b7-11e7-93ae-92361f002671,HANNAH 
Null,129a8ca8-28b7-11e7-93ae-92361f002671,KATHRYN 
Null,129a8f46-28b7-11e7-93ae-92361f002671,JORDAN 
Null,129a9022-28b7-11e7-93ae-92361f002671,ERIK 
Null,129a90f4-28b7-11e7-93ae-92361f002671,JULIE 
Null,129a9252-28b7-11e7-93ae-92361f002671,JAMES 
Null,129a93ba-28b7-11e7-93ae-92361f002671,JONATHAN 
Null,129a94aa-28b7-11e7-93ae-92361f002671,BRIAN 
Null,129a9572-28b7-11e7-93ae-92361f002671,MICHELLE 
Null,129a98b0-28b7-11e7-93ae-92361f002671,DAVID 
Null,129a9982-28b7-11e7-93ae-92361f002671,KRISTEN 
Null,129a9a4a-28b7-11e7-93ae-92361f002671,STACEY 
Null,129a9b08-28b7-11e7-93ae-92361f002671,TIMOTHY 
Null,129a9bd0-28b7-11e7-93ae-92361f002671,ERIC 
Null,129a9c98-28b7-11e7-93ae-92361f002671,KENNETH 
Null,129a9f36-28b7-11e7-93ae-92361f002671,JORDAN 
Null,129aa008-28b7-11e7-93ae-92361f002671,SAMANTHA 
Null,129aa0c6-28b7-11e7-93ae-92361f002671,GARY 
Null,129aa18e-28b7-11e7-93ae-92361f002671,KAYLA 
Null,129aa2ba-28b7-11e7-93ae-92361f002671,CARRIE 
Null,129aa3a0-28b7-11e7-93ae-92361f002671,CLAUDIA 
Null,129aa71a-28b7-11e7-93ae-92361f002671,NICHOLAS 
Null,129aa814-28b7-11e7-93ae-92361f002671,LAURIE 
Null,129aa8dc-28b7-11e7-93ae-92361f002671,KYLE 
Null,129aa9a4-28b7-11e7-93ae-92361f002671,ANDREW 
Null,129aaa6c-28b7-11e7-93ae-92361f002671,TIMOTHY 
Null,129aab34-28b7-11e7-93ae-92361f002671,AARON 
Null,129aabf2-28b7-11e7-93ae-92361f002671,STEVEN 
Null,129aaf12-28b7-11e7-93ae-92361f002671,CRYSTAL 
Null,129ab00c-28b7-11e7-93ae-92361f002671,LISA 
Null,129ab0d4-28b7-11e7-93ae-92361f002671,JASMINE 
Null,129ab19c-28b7-11e7-93ae-92361f002671,JENNIFER 
Null,15810695-9b4f-47d0-86d3-60b3244d069f,DANIEL 
Null,58954972-6a8a-4a9f-89f7-090cd765d800,SARAH 
Null,ac789029-1a4c-4870-bb9c-59963c61f2cb,CASEY 
Null,e5b833cc-e472-48fb-8b75-1645afcd26cf,MARK 
Null,e4642838-38ad-4b44-b338-d20f4ff468c4,DAVID 
Null,09ed651f-ff7a-48f1-8f6c-6b810d29f218,HANNAH 
Null,83662ad8-4ef0-4d48-9bf0-1e6550f26ef3,HEATHER 
Null,789de457-6291-4d52-b9ef-854f022e6791,PAMELA 
Null,7a1e4d19-4134-4243-a1d0-5034a33b263e,MARY 
Null,f817f375-920d-4dbf-82f4-2e8484cd15a7,JAMES 
Null,d054262c-aafd-4765-9f3d-fbef80c3d6ab,GLENN 
Null,71b1fd49-2817-4c95-a0e9-adde2b7c6bff,NICOLE 
Null,bfc9a360-1f90-4bdf-bed8-e7f38722c380,DAWN 
Null,c6bd5c5f-9034-475e-9802-ff07b0b4f284,APRIL 
Null,6fd64f0d-2254-4598-b211-bd2c49483fd0,RONALD 
Null,a3bf08f7-5af1-44ec-a50a-570260b3bdbc,KEVIN 
Null,d16968ed-02a4-418e-ab8c-88d6e27bf288,KATHERINE 
Null,52cee3f0-9893-42fa-b8c9-15df0ff6e2b1,DEREK 
Null,db4b36c5-7755-43d0-9cf2-0ea87d976ae7,ALBERT 
Null,4a81fa68-9e3f-4b77-bc87-186e8cb9ade9,HANNAH 
Null,677de48f-f87b-4597-a4e3-172929e7ea45,DAVID 
Null,6a64defd-b5c7-4147-81ea-19bfb7eca5a5,DAVID 
Null,1b5b56f9-db4b-451f-bada-5f5abfbc45dc,NICHOLAS 
Null,b1fdb5b6-13e4-4007-930d-445bcaab8e70,EDWIN 
Null,1e735747-9ec9-4f9a-a39f-de50d0043548,ROBIN 
Null,c0d04ad0-3541-4c7a-aa2f-50138d30787e,SAMANTHA 
Null,99da78b9-af39-406a-aedf-e3666a4f8ceb,JAMIE 
Null,27b9194b-4eb6-4f73-b34f-12991cc234ec,MICHAEL 
Null,266e7105-8483-4295-b6da-4f2e9859fb93,BRENDA 
Null,928b8d65-729f-404b-9abd-145888dead7c,SHELLEY 
Null,7bc4454a-cbb9-4bb4-be1e-9083650f441d,REBECCA 
Null,4e337724-6b2d-4859-8f83-549b7056e890,DONNA 
Null,4b0e7705-15ad-46b4-83d3-4c31861109e6,NICHOLAS 
Null,c60d3c01-df96-4ab7-96c1-dbd32f686866,JARED 
Null,23edb027-8c84-4788-980d-b9668d94ee7a,JEFFREY 
Null,3a5747a4-4066-43cf-83f1-6f25b17ac6a4,MRS. 
Null,a9f61892-1cc0-442f-a6bb-cad59dbf3a03,JONATHON 
Null,d6a70884-be97-440f-a75a-78601e5cdda5,JASON 
Null,a00e9b76-466f-4ca0-b937-8b987dfd132b,KIM 
Null,462301cd-0745-42eb-9479-4f54e30cb52c,MICHAEL 
Null,bb0308a7-5070-4f0f-aa65-03374429bc1e,AUSTIN 
Null,f10ce882-8a64-4016-a413-6c941db9c1ef,TYLER 
Null,a7a4661b-1cfc-4054-bd90-94ebe49ed572,KEVIN 
Null,333db0c1-e4f3-49cc-96a3-1f41e5a96a75,NICOLE 
Null,740960c9-444d-4045-bed1-ad1871bb8d27,OLIVIA 
Null,a0c3c10f-385f-4500-8d77-77b1e9104261,ELIZABETH 
Null,5414a5c5-3003-4242-829e-78c2a0aab043,DAISY 
Null,e0e4613c-9ff1-4d61-9b65-f43318bed2b5,JAMES 
Null,33cec6da-d59c-4d91-a5c1-11ef36c2e1c1,KRISTINE 
Null,464a31e4-9cb9-4777-b8ab-c1705dc01272,NATHANIEL 
Null,5ba9d4a8-35b9-4d61-ab8c-a0ddd35a5168,JENNIFER 
Null,8d2ec43a-7138-4675-a93a-9bfc7da736bc, 
Null,0e8aef65-f11b-4a0a-abf8-bcb707295660,JON 
Null,83a02d9f-dea3-4cf0-aa56-0929d423711d,CLAYTON 
Null,9845cd23-0eb8-425e-8176-6cb6bc9b0367,NICHOLE 
Null,20a22e31-1cbb-45ce-b2a6-308a97a7fd32,MR. 
Null,6db024aa-540f-47fa-8a92-82aa6b815555,DEBRA 
Null,b31c1d9e-dfbd-4af9-88fe-7f6ebe2f2faf,CHRISTOPHER 
Null,f5823d43-c444-4904-9b1f-c8ab35a7a6ac,MICHAEL 
Null,de48bc79-ac4a-4853-a2c4-c32358674f19,KAREN 
Null,f420ff23-d482-454a-95b6-1c81f9a97284,SAMANTHA 
Null,f23faf50-fec3-4a75-8e16-0cdb76b8167f,TIMOTHY 
Null,965f0f5c-24ea-454d-84c9-afe223482ecc,ELIZABETH 
Null,82f94a90-732b-4ffd-bee3-6e5b7f8d69ca,JENNIFER 
Null,02bd570f-020e-4bc4-9c5a-ea90a0560e9a,JANICE 
Null,4a07c90d-9793-4cda-a193-28e0706c801a,ALLEN 
Null,545f9328-21d3-46d9-a331-066863541e11,CAROLYN 
Null,b5a05ee6-420e-457c-b72e-c8c5ea0893ea,MICHAEL 
Null,92f75d4c-9073-4bae-a231-b5d07e12f2e4,CLINTON 
Null,60423bba-c001-4ef4-8884-b066a1174427,PAUL 
Null,0dc4b0e8-ad6e-4bf6-b800-a11900ac05da,ALYSSA 
Null,e94092de-86bc-4e78-b16e-f03a5d47df3d,SAMANTHA 
Null,a91ab43e-f8f9-4dac-b0c8-57614f8459a6,RICHARD 
Null,7cab04be-b67e-497e-93ab-d9deb16ec88c,ANTHONY 
Null,79326568-1a0a-4074-b87c-5847387218c7,JEFFERY 
Null,8205e213-6f11-4dc9-aa32-cba7559a038b,JOHNNY 
Null,efaa23a6-04b1-42b7-a466-2008faa9a802,JEROME 
Null,2fc9c950-7f1f-48b5-a7ad-b39573872375,JAY 
Null,cdd83d9c-2616-4d15-9487-3cdc0cecfacb,BRANDON 
Null,7ee457ff-0fc3-4305-b765-6be8a3b0d901,ELIZABETH 
Null,7f8d7344-b030-4faa-8839-e60ba9b7e8d4,DANIELLE 
Null,40a03392-1e0c-4c4d-8e47-1f71305cc1cd,TONI 
Null,b340ed00-64aa-4421-ab24-09ff38c221b1,VICTORIA 
Null,545119a7-04b8-4606-bfe5-68dedbafc8d1,MARY 
Null,bbb73675-ecf8-4668-b043-317bafb21115,MICHEAL 
Null,63fec42f-b9c8-4fcd-b666-be1838f72446,MEREDITH 
Null,7391cc27-1027-4600-a503-27208153d44b,JOHN 
Null,3dcdd9f1-2d18-4f7f-a67f-89b3d665d1d7,DAISY 
Null,a05df5f7-9312-4446-bf63-f163075a59eb, 
Null,faca8ca6-53f0-479e-9212-d8d9685f1908,MEGAN 
Null,940bbb2a-b087-4a2f-8fec-6cd7479d9965,ALEXA 
Null,b64f35e1-0285-48d7-af75-a4d1b5226ad3,SCOTT 
Null,24adf0da-2c9b-48c0-9c8e-a17d37c5fc55,MICHEAL 
Null,21b23b53-559a-40a0-8324-a962b9a1a9b5,FELICIA 
Null,88a3661f-0875-4a1e-86e0-9ea5649bdde3,DEBORAH 
Null,6c1195aa-b3b8-44f4-8923-23f6fb20bb66,JESSE 
Null,c3d0e4e5-9cee-4aa4-8029-4cbcdb9448f3,CRAIG 
Null,7398872a-2566-4d0e-95d6-4d017bdbedfb,RHONDA 
Null,e382fc40-f388-4168-a9fc-574cfc93adf5,BARBARA 
Null,6adf69e9-27bf-4a35-b7dd-95b53a2d975c,MARY 
Null,2277d52e-1409-44af-bc63-9e385453768f,BRADLEY 
Null,6fc6767d-843b-4667-9cfe-3e190ea4554d,AMANDA 
Null,e41846f6-75ed-46a9-af86-cbb69ddefe04,STEPHEN 
Null,f3f0891a-3e24-4970-b642-008ed981aae1,TAMARA 
Null,5f11b363-fbe2-4986-8f73-71db9b6102e2,TIFFANY 
Null,ff82d510-0348-4269-a8ad-a7ae60cb2bcd,ROBERT 
Null,8efd1d7b-e087-4310-b7c0-7d12fccce9ec,GABRIEL 
Null,3e484921-bfaa-4c20-b16e-169f40082951,JOSE 
Null,46f9115a-e7e8-494b-9fcb-1cfb300a5cf1,MICHELLE 
Null,230a1714-98e4-425b-8e11-5a0db50c98f1,CRAIG 
Null,57ee3fb7-dcd7-454e-b478-1aa01e0d18ef,THOMAS 
Null,c7687f03-410c-4cf5-b6c9-3739e66403f5,JENNIFER 
Null,f6f0c72e-d3e8-4f2f-8cf1-89c043da9b6d, 
Null,cf4396ca-094e-4f0f-b47e-db6e3b9b4bdf,SARAH 
Null,50b26e1e-4fc8-4f2e-8d63-b818fcda2f74,JESSICA 
Null,50a94b58-5a50-494f-8491-1f4425278a06,TERESA 
Null,c16f654e-e116-47a6-b21e-32d1deaa1e18,ANGELA 
Null,68e6d291-d922-4ac2-b6c0-a29590eaaf83,HANNAH 
Null,34e7440a-3ad8-43e9-92f2-a7af522799e3,TRAVIS 
Null,6a1b1c19-4506-45f9-b663-8d9b7a298a22,JESSICA 
Null,b1914ac3-e487-4798-a927-46cdcdc69468,KYLE 
Null,b61a0678-0c0f-4ec5-9ea3-8cc5ef40246b,SARAH 
Null,b9242eb6-74ca-433c-b776-203f2134fdac,JAMES 
Null,7ffc89b6-9952-4964-80b6-199f06a1f34a,MRS. 
Null,010cbd83-88ab-42f1-bb6b-0f4300617295,ROY 
Null,f7cce3ce-8dcf-4f2f-9113-f1ad04cc7640,MATTHEW 
Null,dd70b397-ab3a-46ee-a9e6-4243d6de9736,GARY 
Null,8a707413-048c-4053-9cad-c92c168d7a15,VALERIE 
Null,0060f7c1-b7da-40e1-b305-d3a9483d7165,MEGAN 
Null,e6453121-4cba-48df-85b7-bc92fd7862bf,RAYMOND 
Null,25602a5e-e1c8-41f9-9454-f0c551c705a8,HALEY 
Null,929baf33-76b9-405f-9df7-9e15b1a980ee,SCOTT 
Null,149645f5-59c9-411a-9e0c-f25da4a8ffaf,ANTHONY 
Null,06f3258b-45db-4a63-9ff8-e08c579c4eca,COREY 
Null,86d260e9-5e34-468c-8ccc-c7211222f1df,GLENN 
Null,8a183979-b25d-4151-be11-a946d1000340,JENNIFER 
Null,24c52fac-bdd4-4cde-bd68-491e7ab3b43f,LORI 
Null,9937bfbb-99c7-4c98-adcf-3066ab632125,MARTIN 
Null,5962dad8-f636-42c6-96b0-c0d0575aeaeb,TROY 
Null,3998c4f3-b85c-4f10-a60c-df9d53d3c2ea,TRAVIS 
Null,3cf91613-f8fb-4ef9-b939-7078f1c93259,JAMES 
Null,48575f90-1004-4b1a-a694-0e2e0247157f,KAREN 
Null,8d2c173f-1bae-4b51-95fa-85db94bc4838,ALLISON 
Null,b8a7fbb9-c418-4c70-b1d5-52671eaa6af4,COURTNEY 
Null,e94dfb25-d043-4850-8811-beeb55ee71c2,STEPHEN 
Null,588d4c25-2d01-42ed-83d9-af0c61065d11,MARIA 
Null,bed10d96-aca7-4ac8-bf90-217c79118dca,SHANNON 
Null,725e3dcc-8e8a-4500-a3fa-7e8f3fc14640,PATRICIA 
Null,359f2db8-e346-43c5-a596-7d29159eb754,LISA 
Null,94262949-4e51-49de-a5b9-77176008902c,ANNA 
Null,aa8b8674-87c6-4c87-9b1c-c5b719b4ee0b,APRIL 
Null,a10df03d-a1f8-4b1a-bce6-bcafb20f26e8,RENEE 
Null,0dc38a07-190f-4650-bf9c-27202fa74b61,MASON 
Null,29bd7059-06f6-48d7-996a-5da63561a2e7,BRANDY 
Null,6b73f891-7f0e-4c10-b1e6-3c260fd0229d,TAYLOR 
Null,659691f3-b7e5-4926-afda-2bd70fb54000,BOBBY 
Null,a87207a3-db49-4942-8d98-d9faf39a6a5c,MR. 
Null,f7b4672d-5b0c-4c87-bacd-40ced6bce581,PATRICIA 
Null,126c6432-3c41-4824-8552-50db5abe460d,SARAH 
Null,2478f521-a236-4e3a-939d-bf53b9f1ac43,CHELSEA 
Null,06b4274f-b31e-4df6-bc0d-f58f220b1ae2,RANDY 
Null,9b1fc809-2060-446a-8ffd-f7f33be0fde0,LORI 
Null,f0d28336-0bc8-4b85-bc9b-d0cc1610811f,CHERYL 
Null,96aa9337-327e-4ec2-a1d2-77e8f610d694,EMILY 
Null,0016a688-7351-4846-b29f-cadcc748f939,ADAM 
Null,d481f466-c0c7-45b2-8745-f2a7ba2290d4,SONIA 
Null,f68d8f04-1843-492d-95ee-d7544f450773,JUDITH 
Null,d62d8976-f853-48d0-bfb5-2aa9d2e5fc7f,HOLLY 
Null,70425cff-f576-4294-a717-60612f552276,JOSE 
Null,ab87f3d0-6279-4f4f-aa9f-41562f22cfb8,JOSHUA 
Null,01060200-e282-4b03-88ef-a63ada03ee8d,MICHAEL 
Null,a81db15f-9b88-481f-adaa-5fedf2a38415,JAMES 
Null,108804a7-ebe5-4ce4-82af-a3f8aa422687,KIMBERLY 
Null,4d236913-52d3-4a80-9d2f-bed00542be8e,CATHY 
Null,81226961-b562-44fb-8a04-ee839ccb1317,RYAN 
Null,d20fa091-0b34-4f6e-91a2-cec57fe03d39,LESLIE 
Null,1e09226c-6fec-44eb-9e27-396272f930c7,ANGELA 
Null,1b45497c-10c8-4856-a83d-eaabcaf42ce4,TRISTAN 
Null,eb07068b-b50d-4114-9493-26d2353fdacd,LUIS 
Null,cc515f9c-0e70-4a6d-866a-2ac70837c265,MEGAN 
Null,e1bdb9ab-f050-4f6a-8128-937536661690,KELLY 
Null,b1c91eae-f1da-4fb2-b409-eb1ee2f258e3,ALISON 
Null,522a93d2-2638-4823-9cbf-c7caad50a605,JOHN 
Null,c4832922-f9b9-48e3-a7e8-ca9bbca7bd00,RANDALL 
Null,8b2c3a0a-ed2f-44b3-91a9-692a0289fad0,SEAN 
Null,80b15a21-5f00-40e8-a621-f1541d85150b,JAMES 
Null,0f2d8301-3712-4d75-acfd-053880e7bf67,DANIEL 
Null,fb336411-c7d4-47db-9915-acde4077e37a,CASSANDRA 
Null,9a13eb39-1810-4346-8c27-5d61e8357ac7,SAMUEL 
Null,d6203b7c-6f2e-4aee-9118-8b4d8e8d59cd,CHELSEA 
Null,64755134-1f4f-4faa-90c9-bd20430ade9a,JOSHUA 
Null,6ccad4dd-8070-46bc-bf36-b6badbbee895,JESUS 
Null,f581dfaa-c075-4f2f-824e-ccdda4518bee,BRITTANY 
Null,126b54e7-665b-48d8-b3ce-ef2d01417570,ERIC 
Null,c675cc11-41bd-4e0d-8606-0d83bf802ca7,SONYA 
Null,c071fb61-4c0d-4bdf-94c8-e7872ef4beed,CHERYL 
Null,40a06549-ff12-442d-8f8e-e248fa5644ec,KIMBERLY 
Null,458c4cdc-eda0-426c-9313-ea2aae878420,ANTHONY 
Null,ab014ba4-5851-4a41-a1a8-5413f42cf562,JENNIFER 
Null,6a9bfda3-f093-47d8-8707-c7792cc062b9,PAMELA 
